"","test.stat","test.res","test.criterion"
"Sign: 0.05",3.39654388781796,0,5.49350483221297
"Sign: 0.1",3.43042506147275,0,5.35012936674869
